INSERT INTO users VALUES("john@gmail.com", "password", "John", "1980-12-12", "Female", "9999 1234", "/assets/photos/person.jpg");
INSERT INTO users VALUES("jane@gmail.com", "password", "Jane", "1981-12-12", "Male", "9999 6456", "/assets/photos/person.jpg");
INSERT INTO users VALUES("may@gmail.com", "password", "May", "1982-12-12", "Male", "9999 1256", "/assets/photos/person.jpg");
INSERT INTO users VALUES("peter@gmail.com", "password", "Peter", "1983-12-12", "Female", "9999 6546", "/assets/photos/person.jpg");
INSERT INTO users VALUES("rachel@gmail.com", "password", "Rachel", "1984-12-12", "Female", "9999 3466", "/assets/photos/person.jpg");
INSERT INTO users VALUES("joshua@gmail.com", "password", "Joshua", "1985-12-12", "Female", "9999 4564", "/assets/photos/person.jpg");
INSERT INTO users VALUES("david@gmail.com", "password", "David", "1986-12-12", "Male", "9999 2346", "/assets/photos/person.jpg");
INSERT INTO users VALUES("mostu@gmail.com", "password", "David", "1970-11-12", "Male", "9999 2346", "/assets/photos/person.jpg");
INSERT INTO users VALUES("bush@gmail.com", "password", "Bush", "1950-12-12", "Male", "9852 2346", "/assets/photos/person.jpg");
INSERT INTO users VALUES("obama@gmail.com", "password", "Obama", "1970-11-12", "Male", "9634 2346", "/assets/photos/person.jpg");
INSERT INTO users VALUES("himiko@gmail.com", "password", "Himiko", "1990-06-12", "Female", "9813 2346", "/assets/photos/person.jpg");
INSERT INTO users VALUES("charlahash@gmail.com", "password", "Charla Hash", "1970-07-04", "Female", "9634 7273", "/assets/photos/person.jpg");
INSERT INTO users VALUES("SuzieSpinney@gmail.com", "password", "Suzie Spinney", "1970-07-04", "Female", "3721 7273", "/assets/photos/person.jpg");
INSERT INTO users VALUES("IsabelleAhern@gmail.com", "password", "Isabelle Ahern", "1970-08-04", "Female", "8246 7273", "/assets/photos/person.jpg");
INSERT INTO users VALUES("CindieMccaster@gmail.com", "password", "Cindie Mccaster", "1983-07-04", "Female", "8673 7273", "/assets/photos/person.jpg");
INSERT INTO users VALUES("JenaeBurge@gmail.com", "password", "Jenae Burge", "1991-09-13", "Male", "9437 7273", "/assets/photos/person.jpg");
INSERT INTO users VALUES("KaterineMccurdy@gmail.com", "password", "Katerine Mccurdy", "1973-11-13", "Female", "9234 7273", "/assets/photos/person.jpg");
INSERT INTO users VALUES("alonso@gmail.com", "password", "Alonso", "1975-10-24", "Male", "7672 7273", "/assets/photos/person.jpg");
INSERT INTO users VALUES("takumi@gmail.com", "password", "Takumi", "1988-04-21", "Male", "7724 6563", "/assets/photos/person.jpg");


INSERT INTO skill VALUES("Blast Fishing", "Strictly blast fishing. No rods allowed.", "1065192049");
INSERT INTO skill VALUES("SC2 GrandMaster", "How to get Grandmaster in HotS", "1095192049");
INSERT INTO skill VALUES("Burping", "How to burp anytime anywhere.", "1135192049");
INSERT INTO skill VALUES("Juggling", "Learn how to play with balls!.", "1195192049");
INSERT INTO skill VALUES("Drifting", "Drive like Takumi in Initial D", "1235192049");
INSERT INTO skill VALUES("Programming", "Learn to master an ancient art (or some say science)", "1275192049");
INSERT INTO skill VALUES("Coca Cola", "Happiness...", "1295192049");
INSERT INTO skill VALUES("Hunting", "With spears or guns", "1305192049");
INSERT INTO skill VALUES("Rapping", "152 BPM", "1115192049");
INSERT INTO skill VALUES("Bitcoin", "Mine like a boss", "1325192049");
INSERT INTO skill VALUES("Rubik's Cube", "3x3, 4x4, 5x5 ... nxn", "1035192049");
INSERT INTO skill VALUES("Trolling", "Problem?", "1245192049");
INSERT INTO skill VALUES("Kite Flying", "Need strong wind", "1105192049");
INSERT INTO skill VALUES("Drumming", "L, R, L, L, R, L, R, R", "1355192049");
INSERT INTO skill VALUES("Toto", "Maximize your payoff", "1365192049");

INSERT INTO belong_to VALUES("john@gmail.com", "Blast Fishing");
INSERT INTO belong_to VALUES("jane@gmail.com", "Blast Fishing");
INSERT INTO belong_to VALUES("peter@gmail.com", "Blast Fishing");
INSERT INTO belong_to VALUES("rachel@gmail.com", "SC2 GrandMaster");
INSERT INTO belong_to VALUES("john@gmail.com", "SC2 GrandMaster");
INSERT INTO belong_to VALUES("david@gmail.com", "SC2 GrandMaster");
INSERT INTO belong_to VALUES("may@gmail.com", "SC2 GrandMaster");
INSERT INTO belong_to VALUES("peter@gmail.com", "SC2 GrandMaster");
INSERT INTO belong_to VALUES("john@gmail.com", "Burping");
INSERT INTO belong_to VALUES("david@gmail.com", "Burping");
INSERT INTO belong_to VALUES("may@gmail.com", "Burping");
INSERT INTO belong_to VALUES("charlahash@gmail.com", "Juggling");
INSERT INTO belong_to VALUES("peter@gmail.com", "Juggling");
INSERT INTO belong_to VALUES("john@gmail.com", "Juggling");
INSERT INTO belong_to VALUES("alonso@gmail.com", "Drifting");
INSERT INTO belong_to VALUES("takumi@gmail.com", "Drifting");
INSERT INTO belong_to VALUES("bush@gmail.com", "Programming");
INSERT INTO belong_to VALUES("obama@gmail.com", "Programming");
INSERT INTO belong_to VALUES("himiko@gmail.com", "Programming");
INSERT INTO belong_to VALUES("peter@gmail.com", "Programming");
INSERT INTO belong_to VALUES("rachel@gmail.com", "Programming");
INSERT INTO belong_to VALUES("john@gmail.com", "Programming");
INSERT INTO belong_to VALUES("bush@gmail.com", "Coca Cola");
INSERT INTO belong_to VALUES("obama@gmail.com", "Coca Cola");
INSERT INTO belong_to VALUES("himiko@gmail.com", "Coca Cola");
INSERT INTO belong_to VALUES("charlahash@gmail.com", "Coca Cola");
INSERT INTO belong_to VALUES("SuzieSpinney@gmail.com", "Coca Cola");
INSERT INTO belong_to VALUES("IsabelleAhern@gmail.com", "Coca Cola");
INSERT INTO belong_to VALUES("CindieMccaster@gmail.com", "Coca Cola");
INSERT INTO belong_to VALUES("JenaeBurge@gmail.com", "Coca Cola");
INSERT INTO belong_to VALUES("KaterineMccurdy@gmail.com", "Coca Cola");
INSERT INTO belong_to VALUES("peter@gmail.com", "Hunting");
INSERT INTO belong_to VALUES("rachel@gmail.com", "Hunting");
INSERT INTO belong_to VALUES("john@gmail.com", "Hunting");
INSERT INTO belong_to VALUES("bush@gmail.com", "Hunting");
INSERT INTO belong_to VALUES("obama@gmail.com", "Hunting");
INSERT INTO belong_to VALUES("charlahash@gmail.com", "Rapping");
INSERT INTO belong_to VALUES("peter@gmail.com", "Bitcoin");
INSERT INTO belong_to VALUES("john@gmail.com", "Rubik's Cube");
INSERT INTO belong_to VALUES("JenaeBurge@gmail.com", "Rubik's Cube");
INSERT INTO belong_to VALUES("bush@gmail.com", "Trolling");
INSERT INTO belong_to VALUES("obama@gmail.com", "Trolling");
INSERT INTO belong_to VALUES("himiko@gmail.com", "Trolling");
INSERT INTO belong_to VALUES("CindieMccaster@gmail.com", "Kite Flying");
INSERT INTO belong_to VALUES("JenaeBurge@gmail.com", "Kite Flying");
INSERT INTO belong_to VALUES("KaterineMccurdy@gmail.com", "Kite Flying");
INSERT INTO belong_to VALUES("JenaeBurge@gmail.com", "Drumming");
INSERT INTO belong_to VALUES("KaterineMccurdy@gmail.com", "Drumming");
INSERT INTO belong_to VALUES("peter@gmail.com", "Drumming");
INSERT INTO belong_to VALUES("rachel@gmail.com", "Drumming");
INSERT INTO belong_to VALUES("bush@gmail.com", "Drumming");
INSERT INTO belong_to VALUES("obama@gmail.com", "Drumming");
INSERT INTO belong_to VALUES("john@gmail.com", "Drumming");
INSERT INTO belong_to VALUES("JenaeBurge@gmail.com", "Toto");
INSERT INTO belong_to VALUES("IsabelleAhern@gmail.com", "Toto");

INSERT INTO friend VALUES("jane@gmail.com", "john@gmail.com", "accepted");
INSERT INTO friend VALUES("may@gmail.com", "rachel@gmail.com", "may@gmail.com");
INSERT INTO friend VALUES("john@gmail.com", "joshua@gmail.com", "joshua@gmail.com");
INSERT INTO friend VALUES("peter@gmail.com", "rachel@gmail.com", "accepted");
INSERT INTO friend VALUES("david@gmail.com", "may@gmail.com", "accepted");
INSERT INTO friend VALUES("joshua@gmail.com", "peter@gmail.com", "joshua@gmail.com");
INSERT INTO friend VALUES("joshua@gmail.com", "rachel@gmail.com", "rachel@gmail.com");
INSERT INTO friend VALUES("jane@gmail.com", "rachel@gmail.com", "accepted");
INSERT INTO friend VALUES("david@gmail.com", "john@gmail.com", "accepted");
INSERT INTO friend VALUES("david@gmail.com", "peter@gmail.com", "accepted");

INSERT INTO comment VALUES("john@gmail.com", "jane@gmail.com", "nice hair", "1135192049");
INSERT INTO comment VALUES("john@gmail.com", "peter@gmail.com", "wanna hang out?", "1225192049");
INSERT INTO comment VALUES("jane@gmail.com", "may@gmail.com", "great teacher", "1065192049");
INSERT INTO comment VALUES("may@gmail.com", "rachel@gmail.com", "don't be a bitch", "1325192049");
INSERT INTO comment VALUES("peter@gmail.com", "joshua@gmail.com", "see you again", "1145192049");
INSERT INTO comment VALUES("peter@gmail.com", "joshua@gmail.com", "i saw you again", "1255192049");
INSERT INTO comment VALUES("rachel@gmail.com", "david@gmail.com", "see you tmr!", "1295192049");
INSERT INTO comment VALUES("joshua@gmail.com", "rachel@gmail.com", "you are really good at blast fishing", "1275192049");
INSERT INTO comment VALUES("david@gmail.com", "peter@gmail.com", "ten", "1215192049");
INSERT INTO comment VALUES("david@gmail.com", "john@gmail.com", "i'm king david", "1355192049");

INSERT INTO skill_comment VALUES("Blast Fishing", "jane@gmail.com", "I brought a rod that day and was forced to eat all the fishes.", "1255192049");
INSERT INTO skill_comment VALUES("Blast Fishing", "john@gmail.com", "We have more dynamite than fishes", "1275192049");
INSERT INTO skill_comment VALUES("Blast Fishing", "peter@gmail.com", "I'm reporting you guys.", "1205192049");
INSERT INTO skill_comment VALUES("SC2 GrandMaster", "may@gmail.com", "I'm only bronze. Help?", "1115192049");
INSERT INTO skill_comment VALUES("SC2 GrandMaster", "peter@gmail.com", "@may: try joining SC2 Silver first.", "1125192049");
INSERT INTO skill_comment VALUES("Juggling", "charlahash@gmail.com", "How's knife throwing.", "1155192049 ");
INSERT INTO skill_comment VALUES("Juggling", "peter@gmail.com", "Not bad.", "1365242919 ");
INSERT INTO skill_comment VALUES("Drifting", "takumi@gmail.com", "Gamble Rumble", "1365242919 ");
INSERT INTO skill_comment VALUES("Burping", "john@gmail.com", "First.", "1235192049");
INSERT INTO skill_comment VALUES("Programming", "bush@gmail.com", "cout << Hello World", "1155192049");
INSERT INTO skill_comment VALUES("Coca Cola", "himiko@gmail.com", "Coke Light sucks", "1045192049");
INSERT INTO skill_comment VALUES("Coca Cola", "SuzieSpinney@gmail.com", "Agreed, prefer the original coke", "1265192049");
INSERT INTO skill_comment VALUES("Coca Cola", "himiko@gmail.com", "Coke zero taste awesome", "1285192049");
INSERT INTO skill_comment VALUES("Hunting", "rachel@gmail.com", "Killed 2 tigers the other day", "1325192049");
INSERT INTO skill_comment VALUES("Trolling", "himiko@gmail.com", "ROFLMAO", "1315192049");
INSERT INTO skill_comment VALUES("Kite Flying", "CindieMccaster@gmail.com", "Wind was awesome", "1205192049");
INSERT INTO skill_comment VALUES("Kite Flying", "JenaeBurge@gmail.com", "yeah", "1335192049");
INSERT INTO skill_comment VALUES("Drumming", "KaterineMccurdy@gmail.com", "Can't master the drumroll", "1355192049");
INSERT INTO skill_comment VALUES("Drumming", "peter@gmail.com", "Practice makes perfect", "1355192049");
